{"learner":{"attributes":{"scikit_learn":"{\"_estimator_type\": \"classifier\"}"},"feature_names":["age","education-num","marital-status","hours-per-week","capital-loss","capital-gain"],"feature_types":["int","int","int","int","int","int"],"gradient_booster":{"model":{"gbtree_model_param":{"num_parallel_tree":"1","num_trees":"10"},"iteration_indptr":[0,1,2,3,4,5,6,7,8,9,10],"tree_info":[0,0,0,0,0,0,0,0,0,0],"trees":[{"base_weights":[2.3485203E-1,8.0001754E-1,-1.677182E0,-9.0892255E-1,8.6557996E-1,-2.7511137E0,-3.0160967E-2,-2.412726E-1,2.50433E-1,1.2493449E-1,2.1946955E-1,-6.3698363E-1,2.2039895E-1,-5.658471E-1,6.270545E-2],"categories":[],"categories_nodes":[],"categories_segments":[],"categories_sizes":[],"default_left":[0,0,0,0,0,0,0,0,0,0,0,0,0,0,0],"id":0,"left_children":[1,3,5,7,9,11,13,-1,-1,-1,-1,-1,-1,-1,-1],"loss_changes":[2.0616861E4,1.6506953E3,7.699121E3,3.5155057E2,7.9117285E2,4.4075527E3,1.6546006E3,0E0,0E0,0E0,0E0,0E0,0E0,0E0,0E0],"parents":[2147483647,0,0,1,1,2,2,3,3,4,4,5,5,6,6],"right_children":[2,4,6,8,10,12,14,-1,-1,-1,-1,-1,-1,-1,-1],"split_conditions":[1E0,8E0,1.3E1,5.06E3,1.2E1,4.687E3,2.8E1,-2.412726E-1,2.50433E-1,1.2493449E-1,2.1946955E-1,-6.3698363E-1,2.2039895E-1,-5.658471E-1,6.270545E-2],"split_indices":[2,1,1,5,1,5,0,0,0,0,0,0,0,0,0],"split_type":[0,0,0,0,0,0,0,0,0,0,0,0,0,0,0],"sum_hessian":[1.907657E4,1.4724758E4,4.3518125E3,5.435595E2,1.4181198E4,2.6337915E3,1.7180209E3,4.781863E2,6.537321E1,6.9553057E3,7.225892E3,2.3674268E3,2.6636475E2,1.8708951E2,1.5309314E3],"tree_param":{"num_deleted":"0","num_feature":"6","num_nodes":"15","size_leaf_vector":"1"}},{"base_weights":[2.1346116E-1,7.105069E-1,-1.0837805E0,2.274573E-1,9.136975E-1,-1.7360694E0,5.1919088E-2,-2.2053121E-1,6.752171E-2,-2.636667E-1,1.8563806E-1,-3.9644882E-1,2.145154E-1,-3.997696E-1,4.563686E-2],"categories":[],"categories_nodes":[],"categories_segments":[],"categories_sizes":[],"default_left":[0,0,0,0,0,0,0,0,0,0,0,0,0,0,0],"id":1,"left_children":[1,3,5,7,9,11,13,-1,-1,-1,-1,-1,-1,-1,-1],"loss_changes":[1.1878933E4,1.3070942E3,3.7808008E3,5.7837836E2,3.0449658E2,2.243495E3,6.738274E2,0E0,0E0,0E0,0E0,0E0,0E0,0E0,0E0],"parents":[2147483647,0,0,1,1,2,2,3,3,4,4,5,5,6,6],"right_children":[2,4,6,8,10,12,14,-1,-1,-1,-1,-1,-1,-1,-1],"split_conditions":[1E0,1E1,4.1E1,3E1,2.5E1,4.687E3,2.6E1,-2.2053121E-1,6.752171E-2,-2.636667E-1,1.8563806E-1,-3.9644882E-1,2.145154E-1,-3.997696E-1,4.563686E-2],"split_indices":[2,1,3,0,0,5,0,0,0,0,0,0,0,0,0],"split_type":[0,0,0,0,0,0,0,0,0,0,0,0,0,0,0],"sum_hessian":[1.8420797E4,1.3318273E4,5.1025225E3,3.9440674E3,9.374206E3,3.240699E3,1.8618236E3,3.009526E2,3.643115E3,5.9894833E1,9.314312E3,2.9798157E3,2.608832E2,1.4654126E2,1.7152822E3],"tree_param":{"num_deleted":"0","num_feature":"6","num_nodes":"15","size_leaf_vector":"1"}},{"base_weights":[1.9755046E-1,6.3402426E-1,-7.776835E-1,3.33991E-1,9.2753017E-1,-1.8283676E0,-3.3034799E-1,4.2331673E-2,2.4038947E-1,1.7349403E-1,2.3540747E-1,-3.9105582E-1,2.6163602E-1,-1.7674698E-1,5.2892208E-2],"categories":[],"categories_nodes":[],"categories_segments":[],"categories_sizes":[],"default_left":[0,0,0,0,0,0,0,0,0,0,0,0,0,0,0],"id":2,"left_children":[1,3,5,7,9,11,13,-1,-1,-1,-1,-1,-1,-1,-1],"loss_changes":[7.495955E3,1.0709653E3,2.5584897E3,6.3864954E2,9.112207E1,6.49687E2,1.257654E3,0E0,0E0,0E0,0E0,0E0,0E0,0E0,0E0],"parents":[2147483647,0,0,1,1,2,2,3,3,4,4,5,5,6,6],"right_children":[2,4,6,8,10,12,14,-1,-1,-1,-1,-1,-1,-1,-1],"split_conditions":[1E0,1.1E1,2.9E1,5.06E3,5.06E3,7.298E3,1.1E1,4.2331673E-2,2.4038947E-1,1.7349403E-1,2.3540747E-1,-3.9105582E-1,2.6163602E-1,-1.7674698E-1,5.2892208E-2],"split_indices":[2,1,0,5,5,5,1,0,0,0,0,0,0,0,0],"split_type":[0,0,0,0,0,0,0,0,0,0,0,0,0,0,0],"sum_hessian":[1.7607867E4,1.2164083E4,5.4437837E3,6.016212E3,6.147871E3,1.6246895E3,3.819094E3,5.274106E3,7.4210614E2,4.9587124E3,1.1891584E3,1.5618694E3,6.2820038E1,1.9781838E3,1.8409102E3],"tree_param":{"num_deleted":"0","num_feature":"6","num_nodes":"15","size_leaf_vector":"1"}},{"base_weights":[1.7184232E-1,5.6380904E-1,-6.28749E-1,1.2390568E-1,7.7828264E-1,-8.344413E-1,1.1089282E0,-1.8323748E-1,4.9636237E-2,-5.4799106E-2,1.6276188E-1,-2.9423654E-1,-7.333282E-2,5.9288006E-2,2.416741E-1],"categories":[],"categories_nodes":[],"categories_segments":[],"categories_sizes":[],"default_left":[0,0,0,0,0,0,0,0,0,0,0,0,0,0,0],"id":3,"left_children":[1,3,5,7,9,11,13,-1,-1,-1,-1,-1,-1,-1,-1],"loss_changes":[5.231541E3,1.0558037E3,1.9594734E3,4.745089E2,2.814756E2,1.4589927E3,4.6535828E1,0E0,0E0,0E0,0E0,0E0,0E0,0E0,0E0],"parents":[2147483647,0,0,1,1,2,2,3,3,4,4,5,5,6,6],"right_children":[2,4,6,8,10,12,14,-1,-1,-1,-1,-1,-1,-1,-1],"split_conditions":[1E0,1E1,4.687E3,3.1E1,2.8E1,3.3E1,7.298E3,-1.8323748E-1,4.9636237E-2,-5.4799106E-2,1.6276188E-1,-2.9423654E-1,-7.333282E-2,5.9288006E-2,2.416741E-1],"split_indices":[2,1,5,0,0,0,5,0,0,0,0,0,0,0,0],"split_type":[0,0,0,0,0,0,0,0,0,0,0,0,0,0,0],"sum_hessian":[1.6669172E4,1.1190593E4,5.478579E3,3.6682603E3,7.5223325E3,4.8991743E3,5.7940497E2,3.9084097E2,3.2774194E3,2.4545375E2,7.276879E3,2.073952E3,2.8252222E3,6.3615837E1,5.157892E2],"tree_param":{"num_deleted":"0","num_feature":"6","num_nodes":"15","size_leaf_vector":"1"}},{"base_weights":[1.4989762E-1,4.9374318E-1,-4.923451E-1,-6.83948E-1,5.6998E-1,-8.6313033E-1,2.603221E-1,-1.7504273E-1,2.1389513E-1,7.268556E-2,1.7213692E-1,-1.965706E-1,1.9385521E-1,2.4711309E-2,2.3660408E-1],"categories":[],"categories_nodes":[],"categories_segments":[],"categories_sizes":[],"default_left":[0,0,0,0,0,0,0,0,0,0,0,0,0,0,0],"id":4,"left_children":[1,3,5,7,9,11,13,-1,-1,-1,-1,-1,-1,-1,-1],"loss_changes":[3.469628E3,9.19126E2,1.5292073E3,2.0973468E2,5.767981E2,8.0624023E2,2.2813272E2,0E0,0E0,0E0,0E0,0E0,0E0,0E0,0E0],"parents":[2147483647,0,0,1,1,2,2,3,3,4,4,5,5,6,6],"right_children":[2,4,6,8,10,12,14,-1,-1,-1,-1,-1,-1,-1,-1],"split_conditions":[1E0,9E0,4.4E1,4.101E3,1.3E1,4.687E3,7.298E3,-1.7504273E-1,2.1389513E-1,7.268556E-2,1.7213692E-1,-1.965706E-1,1.9385521E-1,2.4711309E-2,2.3660408E-1],"split_indices":[2,1,3,5,1,5,5,0,0,0,0,0,0,0,0],"split_type":[0,0,0,0,0,0,0,0,0,0,0,0,0,0,0],"sum_hessian":[1.5709493E4,1.0231798E4,5.4776953E3,6.215926E2,9.610205E3,3.6697336E3,1.8079619E3,5.609088E2,6.068377E1,5.6196006E3,3.9906052E3,3.4451067E3,2.2462689E2,1.5755607E3,2.3240118E2],"tree_param":{"num_deleted":"0","num_feature":"6","num_nodes":"15","size_leaf_vector":"1"}},{"base_weights":[1.4177234E-1,-1.1025207E0,2.900027E-1,-1.4547886E0,-6.244101E-1,1.7332491E-1,1.0897366E0,-2.9968184E-1,1.7850368E-1,-1.8538295E-1,1.1916848E-4,-4.556252E-2,8.196279E-2,1.6251877E-1,2.2278492E-1],"categories":[],"categories_nodes":[],"categories_segments":[],"categories_sizes":[],"default_left":[0,0,0,0,0,0,0,0,0,0,0,0,0,0,0],"id":5,"left_children":[1,3,5,7,9,11,13,-1,-1,-1,-1,-1,-1,-1,-1],"loss_changes":[2.761103E3,2.6748096E2,1.2479185E3,9.5206055E1,1.2814536E2,1.1075371E3,1.0509766E1,0E0,0E0,0E0,0E0,0E0,0E0,0E0,0E0],"parents":[2147483647,0,0,1,1,2,2,3,3,4,4,5,5,6,6],"right_children":[2,4,6,8,10,12,14,-1,-1,-1,-1,-1,-1,-1,-1],"split_conditions":[2.7E1,2.4E1,5.06E3,4.687E3,4.4E1,1E1,7.298E3,-2.9968184E-1,1.7850368E-1,-1.8538295E-1,1.1916848E-4,-4.556252E-2,8.196279E-2,1.6251877E-1,2.2278492E-1],"split_indices":[0,0,5,5,3,1,5,0,0,0,0,0,0,0,0],"split_type":[0,0,0,0,0,0,0,0,0,0,0,0,0,0,0],"sum_hessian":[1.49673E4,1.5925433E3,1.3374757E4,9.157695E2,6.7677386E2,1.167294E4,1.7018159E3,8.9941705E2,1.6352436E1,4.557207E2,2.2105313E2,4.329385E3,7.3435557E3,1.3938316E2,1.5624327E3],"tree_param":{"num_deleted":"0","num_feature":"6","num_nodes":"15","size_leaf_vector":"1"}},{"base_weights":[1.1470502E-1,4.1639242E-1,-4.270907E-1,2.1975285E-1,7.7897775E-1,-7.2452664E-1,1.9250007E-1,-1.849197E-1,5.84231E-2,2.111898E-2,1.6331397E-1,-2.1402231E-1,-5.7329625E-2,-1.2650463E-1,6.3753664E-2],"categories":[],"categories_nodes":[],"categories_segments":[],"categories_sizes":[],"default_left":[0,0,0,0,0,0,0,0,0,0,0,0,0,0,0],"id":6,"left_children":[1,3,5,7,9,11,13,-1,-1,-1,-1,-1,-1,-1,-1],